task,3D_Benchmark_Score
10_ABEHAU,0.6641305718080328
11_TITTUO,0.7196271337273399
12_EGEYOG,0.7240229968798843
13_ABOBUP,0.7604165453133676
14_XIDTOW,0.7924445606850649
1_ABAHIW,0.713510811996815
21_OFOWIS,0.7118162837483127
28_AFECIA,0.7280564845364349
2_ABAKIZ,0.7363978182373527
3_ABADOX,0.6978260642159438
4_ABABIP,0.7531659575561059
5_GASQOK,0.7540885239025376
6_ABEKIE,0.7626059213144292
8_ABEKIF,0.6020124319409328
9_APUFEX,0.6103849829801355
